"Company name","Model name","Model weight (g)","RAM (GB)","Front camera","Processor","Battery capacity","Screen size","Launched price (USD)","Launched year"
"Apple","iPhone 16 128GB","174","6","12MP","A17 Bionic","3,600mAh","6.1 inches","799","2024"
"Apple","iPhone 16 256GB","174","6","12MP","A17 Bionic","3,600mAh","6.1 inches","849","2024"
"Apple","iPhone 16 512GB","174","6","12MP","A17 Bionic","3,600mAh","6.1 inches","899","2024"
"Apple","iPhone 16 Plus 128GB","203","6","12MP","A17 Bionic","4,200mAh","6.7 inches","899","2024"
"Apple","iPhone 16 Plus 256GB","203","6","12MP","A17 Bionic","4,200mAh","6.7 inches","949","2024"
"Apple","iPhone 16 Plus 512GB","203","6","12MP","A17 Bionic","4,200mAh","6.7 inches","999","2024"
"Apple","iPhone 16 Pro 128GB","206","6","12MP / 4K","A17 Pro","4,400mAh","6.1 inches","999","2024"
"Apple","iPhone 16 Pro 256GB","206","8","12MP / 4K","A17 Pro","4,400mAh","6.1 inches","1.049","2024"
"Apple","iPhone 16 Pro 512GB","206","8","12MP / 4K","A17 Pro","4,400mAh","6.1 inches","1.099","2024"
"Apple","iPhone 16 Pro Max 128GB","221","6","12MP / 4K","A17 Pro","4,500mAh","6.7 inches","1.099","2024"
"Apple","iPhone 16 Pro Max 256GB","221","8","12MP / 4K","A17 Pro","4,500mAh","6.7 inches","1.199","2024"
"Apple","iPhone 16 Pro Max 512GB","221","8","12MP / 4K","A17 Pro","4,500mAh","6.7 inches","1.299","2024"
"Apple","iPhone 15 128GB","171","6","12MP","A16 Bionic","3,200mAh","6.1 inches","799","2023"
"Apple","iPhone 15 256GB","171","6","12MP","A16 Bionic","3,200mAh","6.1 inches","849","2023"
"Apple","iPhone 15 512GB","171","6","12MP","A16 Bionic","3,200mAh","6.1 inches","949","2023"
"Apple","iPhone 15 Plus 128GB","203","6","12MP","A16 Bionic","4,300mAh","6.7 inches","899","2023"
"Apple","iPhone 15 Plus 256GB","203","6","12MP","A16 Bionic","4,300mAh","6.7 inches","999","2023"
"Apple","iPhone 15 Plus 512GB","203","6","12MP","A16 Bionic","4,300mAh","6.7 inches","1.049","2023"
"Apple","iPhone 15 Pro 128GB","206","6","12MP / 4K","A16 Bionic","4,400mAh","6.1 inches","1.099","2023"
"Apple","iPhone 15 Pro 256GB","206","8","12MP / 4K","A16 Bionic","4,400mAh","6.1 inches","1.199","2023"
"Apple","iPhone 15 Pro 512GB","206","8","12MP / 4K","A16 Bionic","4,400mAh","6.1 inches","1.299","2023"
"Apple","iPhone 15 Pro Max 128GB","221","6","12MP / 4K","A16 Bionic","4,500mAh","6.7 inches","1.199","2023"
"Apple","iPhone 15 Pro Max 256GB","221","8","12MP / 4K","A16 Bionic","4,500mAh","6.7 inches","1.299","2023"
"Apple","iPhone 15 Pro Max 512GB","221","8","12MP / 4K","A16 Bionic","4,500mAh","6.7 inches","1.399","2023"
"Apple","iPhone 14 128GB","172","6","12MP","A15 Bionic","3,200mAh","6.1 inches","799","2022"
"Apple","iPhone 14 256GB","172","6","12MP","A15 Bionic","3,200mAh","6.1 inches","849","2022"
"Apple","iPhone 14 512GB","172","6","12MP","A15 Bionic","3,200mAh","6.1 inches","949","2022"
"Apple","iPhone 14 Plus 128GB","203","6","12MP","A15 Bionic","4,325mAh","6.7 inches","899","2022"
"Apple","iPhone 14 Plus 256GB","203","6","12MP","A15 Bionic","4,325mAh","6.7 inches","999","2022"
"Apple","iPhone 14 Plus 512GB","203","6","12MP","A15 Bionic","4,325mAh","6.7 inches","1.049","2022"
"Apple","iPhone 14 Pro 128GB","206","6","12MP / 4K","A16 Bionic","4,200mAh","6.1 inches","1.099","2022"
"Apple","iPhone 14 Pro 256GB","206","8","12MP / 4K","A16 Bionic","4,200mAh","6.1 inches","1.199","2022"
"Apple","iPhone 14 Pro 512GB","206","8","12MP / 4K","A16 Bionic","4,200mAh","6.1 inches","1.299","2022"
"Apple","iPhone 14 Pro Max 128GB","221","6","12MP / 4K","A16 Bionic","4,500mAh","6.7 inches","1.199","2022"
"Apple","iPhone 14 Pro Max 256GB","221","8","12MP / 4K","A16 Bionic","4,500mAh","6.7 inches","1.299","2022"
"Apple","iPhone 14 Pro Max 512GB","221","8","12MP / 4K","A16 Bionic","4,500mAh","6.7 inches","1.399","2022"
"Apple","iPhone 13 mini 128GB","140","4","12MP","A15 Bionic","2,438mAh","5.4 inches","699","2021"
"Apple","iPhone 13 mini 256GB","140","4","12MP","A15 Bionic","2,438mAh","5.4 inches","799","2021"
"Apple","iPhone 13 mini 512GB","140","4","12MP","A15 Bionic","2,438mAh","5.4 inches","899","2021"
"Apple","iPhone 13 128GB","174","4","12MP","A15 Bionic","3,240mAh","6.1 inches","799","2021"
"Apple","iPhone 13 256GB","174","4","12MP","A15 Bionic","3,240mAh","6.1 inches","899","2021"
"Apple","iPhone 13 512GB","174","4","12MP","A15 Bionic","3,240mAh","6.1 inches","999","2021"
"Apple","iPhone 13 Pro 128GB","204","6","12MP / 4K","A15 Bionic","3,095mAh","6.1 inches","999","2021"
"Apple","iPhone 13 Pro 256GB","204","6","12MP / 4K","A15 Bionic","3,095mAh","6.1 inches","1.099","2021"
"Apple","iPhone 13 Pro 512GB","204","6","12MP / 4K","A15 Bionic","3,095mAh","6.1 inches","1.199","2021"
"Apple","iPhone 13 Pro Max 128GB","238","6","12MP / 4K","A15 Bionic","4,352mAh","6.7 inches","1.099","2021"
"Apple","iPhone 13 Pro Max 256GB","238","6","12MP / 4K","A15 Bionic","4,352mAh","6.7 inches","1.199","2021"
"Apple","iPhone 13 Pro Max 512GB","238","6","12MP / 4K","A15 Bionic","4,352mAh","6.7 inches","1.399","2021"
"Apple","iPhone 12 mini 64GB","135","4","12MP","A14 Bionic","2,227mAh","5.4 inches","699","2020"
"Apple","iPhone 12 mini 128GB","135","4","12MP","A14 Bionic","2,227mAh","5.4 inches","799","2020"
"Apple","iPhone 12 mini 256GB","135","4","12MP","A14 Bionic","2,227mAh","5.4 inches","899","2020"
"Apple","iPhone 12 64GB","164","4","12MP","A14 Bionic","2,815mAh","6.1 inches","799","2020"
"Apple","iPhone 12 128GB","164","4","12MP","A14 Bionic","2,815mAh","6.1 inches","899","2020"
"Apple","iPhone 12 256GB","164","4","12MP","A14 Bionic","2,815mAh","6.1 inches","999","2020"
"Apple","iPhone 12 Pro 128GB","189","6","12MP / 4K","A14 Bionic","2,815mAh","6.1 inches","999","2020"
"Apple","iPhone 12 Pro 256GB","189","6","12MP / 4K","A14 Bionic","2,815mAh","6.1 inches","1.099","2020"
"Apple","iPhone 12 Pro 512GB","189","6","12MP / 4K","A14 Bionic","2,815mAh","6.1 inches","1.199","2020"
"Apple","iPhone 12 Pro Max 128GB","228","6","12MP / 4K","A14 Bionic","3,687mAh","6.7 inches","1.099","2020"
"Apple","iPhone 12 Pro Max 256GB","228","6","12MP / 4K","A14 Bionic","3,687mAh","6.7 inches","1.199","2020"
"Apple","iPhone 12 Pro Max 512GB","228","6","12MP / 4K","A14 Bionic","3,687mAh","6.7 inches","1.399","2020"
"Apple","iPhone 11 64GB","194","4","12MP","A13 Bionic","3,110mAh","6.1 inches","699","2019"
"Apple","iPhone 11 128GB","194","4","12MP","A13 Bionic","3,110mAh","6.1 inches","799","2019"
"Apple","iPhone 11 256GB","194","4","12MP","A13 Bionic","3,110mAh","6.1 inches","899","2019"
"Apple","iPhone 11 Pro 64GB","188","4","12MP / 4K","A13 Bionic","3,046mAh","5.8 inches","999","2019"
"Apple","iPhone 11 Pro 256GB","188","4","12MP / 4K","A13 Bionic","3,046mAh","5.8 inches","1.099","2019"
"Apple","iPhone 11 Pro 512GB","188","4","12MP / 4K","A13 Bionic","3,046mAh","5.8 inches","1.199","2019"
"Apple","iPhone 11 Pro Max 64GB","226","4","12MP / 4K","A13 Bionic","3,969mAh","6.5 inches","1.099","2019"
"Apple","iPhone 11 Pro Max 256GB","226","4","12MP / 4K","A13 Bionic","3,969mAh","6.5 inches","1.199","2019"
"Apple","iPhone 11 Pro Max 512GB","226","4","12MP / 4K","A13 Bionic","3,969mAh","6.5 inches","1.399","2019"
"Apple","iPhone X 64GB","174","3","7MP","A11 Bionic","2,716mAh","5.8 inches","999","2017"
"Apple","iPhone X 256GB","174","3","7MP","A11 Bionic","2,716mAh","5.8 inches","1.099","2017"
"Apple","iPhone XS 64GB","177","4","7MP","A12 Bionic","2,658mAh","5.8 inches","999","2018"
"Apple","iPhone XS 256GB","177","4","7MP","A12 Bionic","2,658mAh","5.8 inches","1.099","2018"
"Apple","iPhone XS 512GB","177","4","7MP","A12 Bionic","2,658mAh","5.8 inches","1.299","2018"
"Apple","iPhone XS Max 64GB","208","4","7MP","A12 Bionic","3,174mAh","6.5 inches","1.099","2018"
"Apple","iPhone XS Max 256GB","208","4","7MP","A12 Bionic","3,174mAh","6.5 inches","1.249","2018"
"Apple","iPhone XS Max 512GB","208","4","7MP","A12 Bionic","3,174mAh","6.5 inches","1.399","2018"
"Apple","iPhone XR 64GB","194","3","7MP","A12 Bionic","2,942mAh","6.1 inches","749","2018"
"Apple","iPhone XR 128GB","194","3","7MP","A12 Bionic","2,942mAh","6.1 inches","799","2018"
"Apple","iPhone XR 256GB","194","3","7MP","A12 Bionic","2,942mAh","6.1 inches","899","2018"
"Apple","iPad Air 10.9-inch 64GB","458","4","12MP","A14 Bionic","7,608mAh","10.9 inches","599","2020"
"Apple","iPad Air 10.9-inch 256GB","458","4","12MP","A14 Bionic","7,608mAh","10.9 inches","749","2020"
"Apple","iPad 10.2-inch 32GB","490","3","12MP","A13 Bionic","8,612mAh","10.2 inches","329","2020"
"Apple","iPad 10.2-inch 128GB","490","3","12MP","A13 Bionic","8,612mAh","10.2 inches","429","2020"
"Apple","iPad Mini 7.9-inch 64GB","300.5","3","7MP","A12 Bionic","5,124mAh","7.9 inches","399","2019"
"Apple","iPad Mini 7.9-inch 256GB","300.5","3","7MP","A12 Bionic","5,124mAh","7.9 inches","499","2019"
"Apple","iPad Pro 11-inch 128GB","468","4","7MP","A12Z Bionic","7,812mAh","11 inches","799","2020"
"Apple","iPad Pro 11-inch 256GB","468","4","7MP","A12Z Bionic","7,812mAh","11 inches","899","2020"
"Apple","iPad Pro 11-inch 512GB","468","6","7MP","A12Z Bionic","7,812mAh","11 inches","1.099","2020"
"Apple","iPad Pro 12.9-inch 128GB","682","6","7MP","A12Z Bionic","9,720mAh","12.9 inches","999","2020"
"Apple","iPad Pro 12.9-inch 256GB","682","6","7MP","A12Z Bionic","9,720mAh","12.9 inches","1.099","2020"
"Apple","iPad Pro 12.9-inch 512GB","682","6","7MP","A12Z Bionic","9,720mAh","12.9 inches","1.299","2020"
"Apple","iPad Pro 13-inch 128GB","708","6","7MP","A12Z Bionic","10,307mAh","13 inches","1.099","2020"
"Apple","iPad Pro 13-inch 256GB","708","6","7MP","A12Z Bionic","10,307mAh","13 inches","1.199","2020"
"Apple","iPad Pro 13-inch 512GB","708","6","7MP","A12Z Bionic","10,307mAh","13 inches","1.399","2020"
"Apple","iPad Pro 13-inch 1TB","708","6","7MP","A12Z Bionic","10,307mAh","13 inches","1.599","2020"
"Apple","iPad Pro 13-inch 2TB","708","6","7MP","A12Z Bionic","10,307mAh","13 inches","1.799","2020"
"Samsung","Galaxy S24 Ultra 128GB","234","12","12MP","Exynos 2400","5000mAh","6.8 inches","1.199","2024"
"Samsung","Galaxy S24 Ultra 256GB","234","12","12MP","Exynos 2400","5000mAh","6.8 inches","1.299","2024"
"Samsung","Galaxy S24+ 128GB","196","8","12MP","Exynos 2400","4800mAh","6.6 inches","899","2024"
"Samsung","Galaxy S24+ 256GB","196","8","12MP","Exynos 2400","4800mAh","6.6 inches","999","2024"
"Samsung","Galaxy S24 128GB","168","8","12MP","Exynos 2400","4000mAh","6.1 inches","799","2024"
"Samsung","Galaxy S24 256GB","168","8","12MP","Exynos 2400","4000mAh","6.1 inches","899","2024"
"Samsung","Galaxy S23 Ultra 128GB","228","12","12MP","Snapdragon 8 Gen 2","5000mAh","6.8 inches","1.199","2023"
"Samsung","Galaxy S23 Ultra 256GB","228","12","12MP","Snapdragon 8 Gen 2","5000mAh","6.8 inches","1.299","2023"
"Samsung","Galaxy S23+ 128GB","196","8","12MP","Snapdragon 8 Gen 2","4700mAh","6.6 inches","899","2023"
"Samsung","Galaxy S23+ 256GB","196","8","12MP","Snapdragon 8 Gen 2","4700mAh","6.6 inches","999","2023"
"Samsung","Galaxy S23 128GB","168","8","12MP","Snapdragon 8 Gen 2","3900mAh","6.1 inches","799","2023"
"Samsung","Galaxy S23 256GB","168","8","12MP","Snapdragon 8 Gen 2","3900mAh","6.1 inches","899","2023"
"Samsung","Galaxy S22 Ultra 128GB","228","12","10MP","Exynos 2200","5000mAh","6.8 inches","1.099","2022"
"Samsung","Galaxy S22 Ultra 256GB","228","12","10MP","Exynos 2200","5000mAh","6.8 inches","1.199","2022"
"Samsung","Galaxy S22+ 128GB","195","8","10MP","Exynos 2200","4500mAh","6.6 inches","799","2022"
"Samsung","Galaxy S22+ 256GB","195","8","10MP","Exynos 2200","4500mAh","6.6 inches","899","2022"
"Samsung","Galaxy S22 128GB","167","8","10MP","Exynos 2200","3800mAh","6.1 inches","699","2022"
"Samsung","Galaxy S22 256GB","167","8","10MP","Exynos 2200","3800mAh","6.1 inches","799","2022"
"Samsung","Galaxy Z Fold 5 256GB","254","12","10MP","Snapdragon 8 Gen 2","4400mAh","7.6 inches","1.799","2023"
"Samsung","Galaxy Z Fold 5 512GB","254","12","10MP","Snapdragon 8 Gen 2","4400mAh","7.6 inches","1.899","2023"
"Samsung","Galaxy Z Flip 5 256GB","187","8","12MP","Snapdragon 8 Gen 2","3700mAh","6.7 inches","999","2023"
"Samsung","Galaxy Z Flip 5 512GB","187","8","12MP","Snapdragon 8 Gen 2","3700mAh","6.7 inches","1.099","2023"
"Samsung","Galaxy Z Fold 4 256GB","263","12","10MP","Snapdragon 8 Gen 1","4400mAh","7.6 inches","1.799","2022"
"Samsung","Galaxy Z Fold 4 512GB","263","12","10MP","Snapdragon 8 Gen 1","4400mAh","7.6 inches","1.899","2022"
"Samsung","Galaxy Z Flip 4 256GB","187","8","10MP","Snapdragon 8 Gen 1","3700mAh","6.7 inches","999","2022"
"Samsung","Galaxy Z Flip 4 512GB","187","8","10MP","Snapdragon 8 Gen 1","3700mAh","6.7 inches","1.099","2022"
"Samsung","Galaxy A54 128GB","189","6","32MP","Exynos 1380","5000mAh","6.4 inches","399","2023"
"Samsung","Galaxy A54 256GB","189","6","32MP","Exynos 1380","5000mAh","6.4 inches","449","2023"
"Samsung","Galaxy A34 128GB","199","6","13MP","MediaTek Dimensity 1080","5000mAh","6.6 inches","349","2023"
"Samsung","Galaxy A34 256GB","199","6","13MP","MediaTek Dimensity 1080","5000mAh","6.6 inches","399","2023"
"Samsung","Galaxy A24 128GB","195","6","13MP","MediaTek Helio G99","5000mAh","6.5 inches","299","2023"
"Samsung","Galaxy A24 256GB","195","6","13MP","MediaTek Helio G99","5000mAh","6.5 inches","349","2023"
"Samsung","Galaxy A14 128GB","190","4","13MP","Exynos 850","5000mAh","6.6 inches","249","2023"
"Samsung","Galaxy A14 256GB","190","4","13MP","Exynos 850","5000mAh","6.6 inches","299","2023"
"Samsung","Galaxy A04 64GB","188","4","5MP","Exynos 850","5000mAh","6.5 inches","199","2022"
"Samsung","Galaxy A04 128GB","188","4","5MP","Exynos 850","5000mAh","6.5 inches","249","2022"
"Samsung","Galaxy M54 128GB","202","8","32MP","Exynos 1380","6000mAh","6.7 inches","349","2023"
"Samsung","Galaxy M54 256GB","202","8","32MP","Exynos 1380","6000mAh","6.7 inches","399","2023"
"Samsung","Galaxy M34 128GB","199","6","13MP","Exynos 1280","6000mAh","6.5 inches","299","2023"
"Samsung","Galaxy M34 256GB","199","6","13MP","Exynos 1280","6000mAh","6.5 inches","349","2023"
"Samsung","Galaxy M14 128GB","202","4","13MP","Exynos 850","6000mAh","6.6 inches","249","2023"
"Samsung","Galaxy M14 256GB","202","4","13MP","Exynos 850","6000mAh","6.6 inches","299","2023"
"Samsung","Galaxy M04 64GB","188","4","5MP","MediaTek Helio P35","5000mAh","6.5 inches","199","2022"
"Samsung","Galaxy M04 128GB","188","4","5MP","MediaTek Helio P35","5000mAh","6.5 inches","249","2022"
"Samsung","Galaxy F54 128GB","199","8","32MP","Exynos 1380","6000mAh","6.7 inches","349","2023"
"Samsung","Galaxy F54 256GB","199","8","32MP","Exynos 1380","6000mAh","6.7 inches","399","2023"
"Samsung","Galaxy F34 128GB","190","6","13MP","Exynos 1280","6000mAh","6.5 inches","299","2023"
"Samsung","Galaxy F34 256GB","190","6","13MP","Exynos 1280","6000mAh","6.5 inches","349","2023"
"Samsung","Galaxy F14 128GB","198","4","13MP","Exynos 850","6000mAh","6.6 inches","249","2023"
"Samsung","Galaxy F14 256GB","198","4","13MP","Exynos 850","6000mAh","6.6 inches","299","2023"
"Samsung","Galaxy Note 20 Ultra 128GB","208","12","10MP","Exynos 990","4500mAh","6.9 inches","1.299","2020"
"Samsung","Galaxy Note 20 Ultra 256GB","208","12","10MP","Exynos 990","4500mAh","6.9 inches","1.399","2020"
"Samsung","Galaxy Note 20 128GB","192","8","10MP","Exynos 990","4300mAh","6.7 inches","999","2020"
"Samsung","Galaxy Note 20 256GB","192","8","10MP","Exynos 990","4300mAh","6.7 inches","1.099","2020"
"Samsung","Galaxy Note 10+ 256GB","196","12","10MP","Exynos 9825","4300mAh","6.8 inches","1.099","2019"
"Samsung","Galaxy Note 10+ 512GB","196","12","10MP","Exynos 9825","4300mAh","6.8 inches","1.199","2019"
"Samsung","Galaxy Note 10 256GB","168","8","10MP","Exynos 9825","3500mAh","6.3 inches","949","2019"
"Samsung","Galaxy Note 10 128GB","168","8","10MP","Exynos 9825","3500mAh","6.3 inches","899","2019"
"Samsung","Galaxy Xcover 6 Pro 128GB","235","6","13MP","Exynos 1380","4050mAh","6.6 inches","499","2022"
"Samsung","Galaxy Xcover 5 64GB","172","4","5MP","Exynos 850","3000mAh","5.3 inches","249","2020"
"Samsung","Galaxy J8 64GB","191","4","16MP","Snapdragon 450","3500mAh","6.0 inches","199","2018"
"Samsung","Galaxy J7 Pro 64GB","181","3","13MP","Exynos 7870","3600mAh","5.5 inches","179","2017"
"Samsung","Galaxy J6+ 64GB","178","4","8MP","Snapdragon 425","3300mAh","6.0 inches","169","2018"
"Samsung","Galaxy J4 16GB","175","2","5MP","Exynos 7570","3000mAh","5.5 inches","129","2018"
"Samsung","Galaxy C9 Pro 64GB","189","6","16MP","Snapdragon 653","4000mAh","6.0 inches","399","2016"
"Samsung","Galaxy C7 Pro 64GB","165","4","16MP","Snapdragon 625","3300mAh","5.7 inches","299","2017"
"Samsung","Galaxy C5 32GB","143","4","8MP","Snapdragon 617","2600mAh","5.2 inches","249","2016"
"Samsung","Galaxy W22 5G 256GB","228","12","10MP","Snapdragon 888","4500mAh","7.6 inches","1.499","2021"
"Samsung","Galaxy W21 5G 256GB","229","12","10MP","Snapdragon 888","4500mAh","7.6 inches","1.399","2020"
"Samsung","Galaxy Tab S9 Ultra 256GB","732","12","12MP + 12MP","Snapdragon 8 Gen 2","11200mAh","14.6 inches","1.199","2023"
"Samsung","Galaxy Tab S9+ 256GB","586","12","12MP","Snapdragon 8 Gen 2","10090mAh","12.4 inches","999","2023"
"Samsung","Galaxy Tab S9 128GB","498","8","12MP","Snapdragon 8 Gen 2","8400mAh","11 inches","799","2023"
"Samsung","Galaxy Tab S9 FE 128GB","523","6","12MP","Exynos 1380","8000mAh","10.9 inches","549","2023"
"Samsung","Galaxy Tab S8 Ultra 256GB","726","12","12MP + 12MP","Snapdragon 8 Gen 1","11200mAh","14.6 inches","1.099","2022"
"Samsung","Galaxy Tab S8+ 256GB","567","8","12MP","Snapdragon 8 Gen 1","10090mAh","12.4 inches","899","2022"
"Samsung","Galaxy Tab S8 128GB","503","8","12MP","Snapdragon 8 Gen 1","8000mAh","11 inches","699","2022"
"Samsung","Galaxy Tab A9+ 128GB","480","8","5MP","Snapdragon 695","7040mAh","11 inches","229","2023"
"Samsung","Galaxy Tab A9 64GB","366","4","2MP","MediaTek Helio G99","5100mAh","8.7 inches","179","2023"
"Samsung","Galaxy Tab A8 64GB","508","4","5MP","Unisoc T618","7040mAh","10.5 inches","199","2022"
"Samsung","Galaxy Tab A7 Lite 32GB","366","3","2MP","MediaTek Helio P22T","5100mAh","8.7 inches","149","2021"
"Samsung","Galaxy Tab Active 5 128GB","433","6","5MP","Exynos 1380","5050mAh","8 inches","549","2024"
"Samsung","Galaxy Tab Active 4 Pro 128GB","674","6","8MP","Snapdragon 778G","7600mAh","10.1 inches","649","2022"
"Samsung","Galaxy Tab Active 3 64GB","426","4","5MP","Exynos 9810","5050mAh","8 inches","499","2020"
"Samsung","Galaxy Tab E 10.1 16GB","490","1.5","2MP","Spreadtrum SC8830","5000mAh","10.1 inches","129","2016"
"Samsung","Galaxy Tab E 8.0 16GB","360","1.5","2MP","Qualcomm MSM8916","5000mAh","8 inches","99","2016"
"OnePlus","OnePlus 12 256GB","205","12","32MP","Snapdragon 8 Gen 3","5000mAh","6.7 inches","799","2024"
"OnePlus","OnePlus 12R 256GB","203","12","16MP","Snapdragon 8 Gen 2","4500mAh","6.7 inches","699","2024"
"OnePlus","OnePlus 11 256GB","205","12","16MP","Snapdragon 8 Gen 1","5000mAh","6.7 inches","699","2023"
"OnePlus","OnePlus 11R 256GB","202","12","16MP","Snapdragon 8 Gen 1","5000mAh","6.7 inches","599","2023"
"OnePlus","OnePlus Nord 3 256GB","190","12","16MP","MediaTek Dimensity 9000","5000mAh","6.74 inches","499","2023"
"OnePlus","OnePlus Nord CE 3 128GB","179","8","16MP","Snapdragon 782G","5000mAh","6.72 inches","399","2023"
"OnePlus","OnePlus Nord CE 3 Lite 128GB","195","8","16MP","Snapdragon 695","5000mAh","6.72 inches","299","2023"
"OnePlus","OnePlus Nord N30 5G 128GB","192","8","16MP","MediaTek Dimensity 6020","5000mAh","6.72 inches","249","2023"
"OnePlus","OnePlus Open 256GB","238","16","32MP","Snapdragon 8 Gen 2","4800mAh","7.8 inches","1.099","2024"
"OnePlus","OnePlus 10 Pro 256GB","200","12","32MP","Snapdragon 8 Gen 1","5000mAh","6.7 inches","899","2022"
"OnePlus","OnePlus 10T 256GB","203","12","16MP","Snapdragon 8+ Gen 1","4500mAh","6.7 inches","749","2022"
"OnePlus","OnePlus 9 Pro 256GB","192","12","16MP","Snapdragon 888","4500mAh","6.7 inches","699","2021"
"OnePlus","OnePlus 9 128GB","183","8","16MP","Snapdragon 888","4500mAh","6.55 inches","599","2021"
"OnePlus","OnePlus 11 Pro 256GB","204","16","32MP","Snapdragon 8 Gen 2","5000mAh","6.7 inches","899","2023"
"OnePlus","OnePlus Nord 2T 128GB","190","8","32MP","MediaTek Dimensity 1300","4500mAh","6.43 inches","399","2022"
"OnePlus","OnePlus Nord 2 128GB","190","8","32MP","MediaTek Dimensity 1200-AI","4500mAh","6.43 inches","349","2021"
"OnePlus","OnePlus Nord N200 64GB","189","4","16MP","Snapdragon 480","5000mAh","6.49 inches","199","2021"
"OnePlus","OnePlus Nord N100 64GB","185","4","8MP","Qualcomm Snapdragon 460","5000mAh","6.52 inches","179","2020"
"OnePlus","OnePlus 8T Cyberpunk 2077 Edition 256GB","188","12","16MP","Snapdragon 865","4500mAh","6.55 inches","749","2020"
"OnePlus","OnePlus 9T 128GB","192","8","16MP","Snapdragon 888","4500mAh","6.55 inches","649","2021"
"OnePlus","OnePlus 8T 256GB","188","12","16MP","Snapdragon 865","4500mAh","6.55 inches","599","2020"
"OnePlus","OnePlus 10T 5G 256GB","203","12","16MP","Snapdragon 8+ Gen 1","4500mAh","6.7 inches","749","2022"
"OnePlus","OnePlus 9R 5G 128GB","189","8","16MP","Snapdragon 870","4500mAh","6.55 inches","599","2021"
"OnePlus","OnePlus 8 Pro 256GB","199","12","16MP","Snapdragon 865","4510mAh","6.78 inches","749","2020"
"OnePlus","OnePlus 8 128GB","180","8","16MP","Snapdragon 865","4300mAh","6.55 inches","699","2020"
"OnePlus","OnePlus Nord CE 2 Lite 128GB","195","6","16MP","MediaTek Dimensity 900","5000mAh","6.59 inches","249","2022"
"OnePlus","OnePlus Nord CE 2 128GB","173","8","16MP","MediaTek Dimensity 1200","4500mAh","6.43 inches","299","2022"
"OnePlus","OnePlus Nord 1 128GB","184","6","16MP","Snapdragon 765G","4115mAh","6.44 inches","349","2020"
"OnePlus","OnePlus Nord CE 5G 128GB","170","6","16MP","Snapdragon 750G","4500mAh","6.43 inches","299","2021"
"OnePlus","OnePlus Nord 2 5G 128GB","189","8","32MP","MediaTek Dimensity 1200-AI","4500mAh","6.43 inches","399","2021"
"OnePlus","OnePlus Nord N100 5G 64GB","185","4","8MP","Qualcomm Snapdragon 460","5000mAh","6.52 inches","179","2020"
"OnePlus","OnePlus Nord N10 5G 128GB","190","6","16MP","Qualcomm Snapdragon 690","4300mAh","6.49 inches","299","2020"
"OnePlus","OnePlus 8R 128GB","192","8","16MP","Snapdragon 865","4300mAh","6.55 inches","649","2020"
"OnePlus","OnePlus 7R 128GB","190","6","16MP","Snapdragon 855","3700mAh","6.41 inches","599","2020"
"OnePlus","OnePlus 6T McLaren Edition 256GB","185","10","16MP","Snapdragon 845","3700mAh","6.41 inches","799","2018"
"OnePlus","OnePlus 5T Star Wars Edition 128GB","162","6","16MP","Snapdragon 835","3300mAh","6.01 inches","649","2017"
"OnePlus","OnePlus 13R 128GB","210","8","16MP","Snapdragon 8 Gen 2","4500mAh","6.7 inches","849","2023"
"OnePlus","OnePlus 11T 128GB","202","12","32MP","Snapdragon 8 Gen 2","5000mAh","6.7 inches","799","2023"
"OnePlus","OnePlus 10R 128GB","205","8","16MP","MediaTek Dimensity 8100","4500mAh","6.7 inches","599","2022"
"OnePlus","OnePlus 7 Pro 5G 256GB","206","12","16MP","Snapdragon 855","4000mAh","6.67 inches","799","2019"
"OnePlus","OnePlus 6 Special Edition 128GB","177","6","16MP","Snapdragon 845","3300mAh","6.28 inches","599","2018"
"OnePlus","OnePlus 5 Special Edition 128GB","155","8","16MP","Snapdragon 835","3300mAh","5.5 inches","599","2017"
"OnePlus","OnePlus Nord X 128GB","190","8","32MP","Snapdragon 765G","4000mAh","6.44 inches","299","2020"
"OnePlus","OnePlus 8 Pro McLaren Edition 256GB","199","12","16MP","Snapdragon 865","4510mAh","6.78 inches","899","2020"
"OnePlus","OnePlus 8T Cyberpunk Edition 256GB","188","12","16MP","Snapdragon 865","4500mAh","6.55 inches","799","2020"
"OnePlus","OnePlus 7T Pro 5G McLaren Edition 256GB","206","12","16MP","Snapdragon 855","4085mAh","6.67 inches","899","2019"
"OnePlus","OnePlus 15R 128GB","210","12","32MP","Snapdragon 8 Gen 3","5000mAh","6.7 inches","849","2023"
"OnePlus","OnePlus 14+ 128GB","202","8","16MP","Snapdragon 8 Gen 2","4800mAh","6.55 inches","799","2023"
"OnePlus","OnePlus 13 Pro 256GB","215","12","32MP","Snapdragon 8 Gen 2","5000mAh","6.7 inches","899","2023"
"OnePlus","OnePlus 12T 5G 256GB","200","12","16MP","Snapdragon 8 Gen 2","5000mAh","6.7 inches","849","2023"
"OnePlus","OnePlus Pad","550","8","8MP","MediaTek Dimensity 9000","9510mAh","11.61 inches","499","2023"
"OnePlus","OnePlus Pad 2","550","8","8MP","MediaTek Dimensity 9000","9510mAh","11.61 inches","549","2024"
"OnePlus","OnePlus Pad Pro","610","12","16MP","Snapdragon 8 Gen 3","11000mAh","12.4 inches","799","2024"
"Vivo","X200 128GB","223","12","32MP","Dimensity 9400","6000mAh","6.78 inches","999","2024"
"Vivo","X200 256GB","223","12","32MP","Dimensity 9400","6000mAh","6.78 inches","1.099","2024"
"Vivo","X200 Pro 256GB","223","16","32MP","Dimensity 9400","6000mAh","6.78 inches","1.199","2024"
"Vivo","X200 Pro 512GB","223","16","32MP","Dimensity 9400","6000mAh","6.78 inches","1.299","2024"
"Vivo","X200 Pro Mini 256GB","187","16","32MP","Dimensity 9400","5700mAh","6.31 inches","949","2024"
"Vivo","V40e 128GB","179","8","44MP","Snapdragon 778G","4100mAh","6.44 inches","449","2024"
"Vivo","Y200 GT 128GB","190","12","16MP","Dimensity 1200","5000mAh","6.58 inches","399","2024"
"Vivo","T3 5G 128GB","180","8","16MP","Snapdragon 870","5000mAh","6.67 inches","349","2024"
"Vivo","Y100 5G 128GB","181","8","16MP","Dimensity 900","4500mAh","6.38 inches","299","2024"
"Vivo","S18 Pro 256GB","189","12","32MP","Snapdragon 8 Gen 2","4700mAh","6.56 inches","599","2024"
"Vivo","V30 Pro 128GB","192","12","32MP","Dimensity 1100","4500mAh","6.44 inches","549","2024"
"Vivo","iQOO 12 256GB","210","16","16MP","Snapdragon 8 Gen 3","5000mAh","6.78 inches","699","2024"
"Vivo","Z3 64GB","162","6","12MP","Snapdragon 710","3315mAh","6.3 inches","249","2018"
"Vivo","V9 64GB","150","4","24MP","Snapdragon 626","3260mAh","6.3 inches","219","2018"
"Vivo","X9 Plus 128GB","199","6","20MP+8MP","Snapdragon 653","4000mAh","5.88 inches","299","2017"
"Vivo","Y81 32GB","146","3","5MP","MediaTek Helio P22","3260mAh","6.22 inches","149","2018"
"Vivo","X5Max 16GB","146","2","5MP","Snapdragon 615","2300mAh","5.5 inches","199","2014"
"Vivo","V5 Plus 64GB","158","4","20MP+8MP","Snapdragon 625","3055mAh","5.5 inches","249","2017"
"Vivo","Y95 64GB","163","4","20MP","Snapdragon 439","4030mAh","6.22 inches","199","2018"
"Vivo","V3 Max 32GB","168","4","8MP","Snapdragon 652","3000mAh","5.5 inches","179","2016"
"Vivo","X3S 16GB","153","1","5MP","MediaTek MT6592","2000mAh","5.0 inches","139","2014"
"Vivo","Y66 32GB","155","3","16MP","Snapdragon 430","3000mAh","5.5 inches","179","2017"
"Vivo","V19 128GB","176","8","32MP","Qualcomm Snapdragon 712","4500mAh","6.44 inches","399","2020"
"Vivo","V19 256GB","176","8","32MP","Qualcomm Snapdragon 712","4500mAh","6.44 inches","429","2020"
"Vivo","V17 Pro 128GB","201","8","32MP","Qualcomm Snapdragon 675","4100mAh","6.44 inches","399","2019"
"Vivo","V17 Pro 256GB","201","8","32MP","Qualcomm Snapdragon 675","4100mAh","6.44 inches","429","2019"
"Vivo","Y12s 64GB","191","3","8MP","MediaTek Helio P35","5000mAh","6.51 inches","159","2020"
"Vivo","Y12s 128GB","191","4","8MP","MediaTek Helio P35","5000mAh","6.51 inches","179","2020"
"Vivo","S1 Pro 128GB","185","6","32MP","MediaTek Helio P65","4500mAh","6.38 inches","249","2019"
"Vivo","S1 Pro 256GB","185","6","32MP","MediaTek Helio P65","4500mAh","6.38 inches","269","2019"
"Vivo","Y11 32GB","190","3","8MP","Qualcomm Snapdragon 439","5000mAh","6.35 inches","149","2019"
"Vivo","Y11 64GB","190","3","8MP","Qualcomm Snapdragon 439","5000mAh","6.35 inches","169","2019"
"Vivo","V15 128GB","190","6","32MP","MediaTek Helio P70","4000mAh","6.53 inches","299","2019"
"Vivo","V15 256GB","190","6","32MP","MediaTek Helio P70","4000mAh","6.53 inches","319","2019"
"Vivo","X27 Pro 128GB","190","8","32MP","Qualcomm Snapdragon 710","4000mAh","6.39 inches","499","2019"
"Vivo","X27 Pro 256GB","190","8","32MP","Qualcomm Snapdragon 710","4000mAh","6.39 inches","549","2019"
"Vivo","Y30 128GB","193","4","8MP","MediaTek Helio P35","5000mAh","6.47 inches","199","2020"
"Vivo","Y30 64GB","193","3","8MP","MediaTek Helio P35","5000mAh","6.47 inches","169","2020"
"Vivo","Z1 Pro 64GB","159","4","16MP","Qualcomm Snapdragon 712","4500mAh","6.53 inches","249","2019"
"Vivo","Z1 Pro 128GB","159","6","16MP","Qualcomm Snapdragon 712","4500mAh","6.53 inches","299","2019"
"Vivo","X21 128GB","156","6","12MP","Qualcomm Snapdragon 660","3200mAh","6.28 inches","349","2018"
"Vivo","X21 64GB","156","4","12MP","Qualcomm Snapdragon 660","3200mAh","6.28 inches","299","2018"
"Vivo","V23e 128GB","172","8","50MP","MediaTek Helio G96","4050mAh","6.44 inches","299","2021"
"Vivo","V23e 256GB","172","8","50MP","MediaTek Helio G96","4050mAh","6.44 inches","349","2021"
"Vivo","Y33s 128GB","182","8","16MP","MediaTek Helio G80","5000mAh","6.58 inches","239","2021"
"Vivo","Y33s 64GB","182","4","16MP","MediaTek Helio G80","5000mAh","6.58 inches","179","2021"
"Vivo","X60 Pro 256GB","190","12","32MP","Qualcomm Snapdragon 870","4200mAh","6.56 inches","899","2021"
"Vivo","X60 Pro 512GB","190","12","32MP","Qualcomm Snapdragon 870","4200mAh","6.56 inches","999","2021"
"Vivo","V20 Pro 128GB","173","8","44MP","Qualcomm Snapdragon 765G","4000mAh","6.44 inches","499","2020"
"Vivo","V20 Pro 256GB","173","8","44MP","Qualcomm Snapdragon 765G","4000mAh","6.44 inches","549","2020"
"Vivo","Y75 5G 128GB","179","8","16MP","MediaTek Dimensity 700","5000mAh","6.58 inches","349","2021"
"Vivo","Y75 5G 256GB","179","8","16MP","MediaTek Dimensity 700","5000mAh","6.58 inches","399","2021"
"Vivo","Y53s 128GB","190","6","16MP","MediaTek Helio G80","5000mAh","6.58 inches","229","2021"
"Vivo","Y53s 64GB","190","6","16MP","MediaTek Helio G80","5000mAh","6.58 inches","179","2021"
"Vivo","V15 Pro 128GB","185","6","32MP","Qualcomm Snapdragon 675","3700mAh","6.39 inches","399","2019"
"Vivo","V15 Pro 256GB","185","6","32MP","Qualcomm Snapdragon 675","3700mAh","6.39 inches","449","2019"
"Vivo","X70 Pro 128GB","185","8","32MP","MediaTek Dimensity 1200","4450mAh","6.56 inches","749","2021"
"Vivo","X70 Pro 256GB","185","8","32MP","MediaTek Dimensity 1200","4450mAh","6.56 inches","799","2021"
"Vivo","T1 5G 128GB","181","6","16MP","Qualcomm Snapdragon 695","5000mAh","6.58 inches","269","2022"
"Vivo","T1 5G 256GB","181","8","16MP","Qualcomm Snapdragon 695","5000mAh","6.58 inches","319","2022"
"Vivo","X30 Pro 128GB","199","8","32MP","Qualcomm Snapdragon 855","4200mAh","6.44 inches","899","2019"
"Vivo","X30 Pro 256GB","199","8","32MP","Qualcomm Snapdragon 855","4200mAh","6.44 inches","949","2019"
"Vivo","V27 128GB","182","8","50MP","MediaTek Dimensity 8200","4600mAh","6.78 inches","599","2023"
"Vivo","V27 256GB","182","8","50MP","MediaTek Dimensity 8200","4600mAh","6.78 inches","649","2023"
"Vivo","V27 Pro 128GB","182","8","50MP","MediaTek Dimensity 8200","4600mAh","6.78 inches","699","2023"
"Vivo","V27 Pro 256GB","182","8","50MP","MediaTek Dimensity 8200","4600mAh","6.78 inches","749","2023"
"Vivo","V25 Pro 128GB","190","8","32MP","MediaTek Dimensity 1300","4830mAh","6.56 inches","599","2022"
"Vivo","V25 Pro 256GB","190","8","32MP","MediaTek Dimensity 1300","4830mAh","6.56 inches","649","2022"
"Vivo","X90 Pro 256GB","221","12","32MP","MediaTek Dimensity 9200","4870mAh","6.78 inches","1.099","2022"
"Vivo","X90 Pro 512GB","221","12","32MP","MediaTek Dimensity 9200","4870mAh","6.78 inches","1.199","2022"
"Vivo","Y100 128GB","190","8","16MP","MediaTek Dimensity 900","4500mAh","6.44 inches","399","2023"
"Vivo","Y100 256GB","190","8","16MP","MediaTek Dimensity 900","4500mAh","6.44 inches","449","2023"
"Vivo","T2 Series 128GB","190","8","16MP","Qualcomm Snapdragon 695","4500mAh","6.44 inches","299","2023"
"Vivo","T2 Series 256GB","190","8","16MP","Qualcomm Snapdragon 695","4500mAh","6.44 inches","349","2023"
"Vivo","V23 5G 128GB","179","8","50MP","MediaTek Dimensity 920","4200mAh","6.44 inches","499","2022"
"Vivo","V23 5G 256GB","179","8","50MP","MediaTek Dimensity 920","4200mAh","6.44 inches","549","2022"
"Vivo","X80 256GB","206","12","32MP","MediaTek Dimensity 9000","4700mAh","6.78 inches","899","2022"
"Vivo","X80 512GB","206","12","32MP","MediaTek Dimensity 9000","4700mAh","6.78 inches","999","2022"
"Vivo","Y21 128GB","182","4","8MP","MediaTek Helio P35","5000mAh","6.51 inches","199","2021"
"Vivo","Y21 64GB","182","4","8MP","MediaTek Helio P35","5000mAh","6.51 inches","179","2021"
"Vivo","Pad 128GB","498","6","8MP","Snapdragon 870","8040mAh","11 inches","329","2022"
"Vivo","Pad 2 256GB","535","8","8MP","MediaTek Dimensity 1200","8040mAh","11 inches","399","2023"
"Vivo","Pad Air 128GB","510","6","8MP","Snapdragon 870","8040mAh","10.4 inches","279","2023"
"Vivo","Pad 3 128GB","500","6","8MP","Snapdragon 750G","8040mAh","11 inches","349","2023"
"Vivo","Pad 3 Pro 256GB","550","8","8MP","Snapdragon 888","8040mAh","12.3 inches","449","2023"
"Vivo","Pad 4 Pro 256GB","560","8","8MP","MediaTek Dimensity 9000","8040mAh","12.9 inches","499","2024"
"iQOO","Pad 128GB","520","6","8MP","Snapdragon 870","8040mAh","11 inches","349","2023"
"iQOO","Pad 2 256GB","540","8","8MP","Snapdragon 888","8040mAh","12.3 inches","399","2024"
"iQOO","Pad 2 Pro 256GB","555","8","8MP","Snapdragon 8 Gen 1","8040mAh","12.3 inches","449","2024"
"Oppo","Find N3 512GB","239","12","32MP","Snapdragon 8 Gen 2","4805mAh","7.82 inches","1.399","2023"
"Oppo","Find N3 Flip 256GB","198","12","32MP","MediaTek Dimensity 9200","4300mAh","6.8 inches","999","2023"
"Oppo","Find X8 Pro 256GB","210","12","32MP","Snapdragon 8 Gen 2","5000mAh","6.8 inches","1.299","2024"
"Oppo","Find X8 256GB","195","8","32MP","Snapdragon 8 Gen 2","4800mAh","6.7 inches","1.099","2024"
"Oppo","Reno13 F 4G 256GB","192","8","32MP","MediaTek Helio G100","5800mAh","6.67 inches","499","2025"
"Oppo","Reno13 F 256GB","192","8","32MP","MediaTek Helio G100","5800mAh","6.67 inches","499","2025"
"Oppo","Reno13 Pro 512GB","210","12","50MP","MediaTek Dimensity 8350","5800mAh","6.83 inches","799","2025"
"Oppo","Reno13 256GB","200","12","50MP","MediaTek Dimensity 8350","5600mAh","6.59 inches","699","2025"
"Oppo","Reno12 F 4G 256GB","187","8","32MP","Snapdragon 685","5000mAh","6.7 inches","449","2024"
"Oppo","Reno12 F 256GB","187","8","32MP","Snapdragon 685","5000mAh","6.7 inches","449","2024"
"Oppo","Reno12 Pro 512GB","190","12","32MP","MediaTek Dimensity 8200","4600mAh","6.74 inches","749","2024"
"Oppo","Reno12 256GB","185","8","32MP","MediaTek Dimensity 7050","5000mAh","6.7 inches","599","2024"
"Oppo","Reno11 F 256GB","185","8","32MP","MediaTek Dimensity 7050","5000mAh","6.7 inches","499","2024"
"Oppo","Reno11 Pro 512GB","190","12","32MP","MediaTek Dimensity 8200","4600mAh","6.74 inches","699","2024"
"Oppo","A5 Pro 256GB","180","8","16MP","Dimensity 7300","6000mAh","6.7 inches","599","2024"
"Oppo","A5 Pro 512GB","186","12","16MP","Dimensity 7300","6000mAh","6.7 inches","699","2024"
"Oppo","A80 256GB","186","8","8MP","Dimensity 6300","5100mAh","6.67 inches","499","2024"
"Oppo","A3 4G 128GB","186","4","5MP","Snapdragon 6s 4G Gen 1","5000mAh","6.7 inches","399","2024"
"Oppo","A3x 4G 128GB","186","4","8MP","Snapdragon 6s 4G Gen 1","5100mAh","6.67 inches","449","2024"
"Oppo","A3x 4G 256GB","186","6","8MP","Snapdragon 6s 4G Gen 1","5100mAh","6.67 inches","499","2024"
"Oppo","A3 128GB","186","4","5MP","Snapdragon 6s 4G Gen 1","5000mAh","6.7 inches","399","2024"
"Oppo","A3x 128GB","186","4","8MP","Snapdragon 6s 4G Gen 1","5100mAh","6.67 inches","449","2024"
"Oppo","A3x 256GB","186","6","8MP","Snapdragon 6s 4G Gen 1","5100mAh","6.67 inches","499","2024"
"Oppo","A3 128GB","186","4","5MP","Snapdragon 6s 4G Gen 1","5000mAh","6.7 inches","399","2024"
"Oppo","A60 128GB","186","8","8MP","Snapdragon 680 4G","5000mAh","6.67 inches","449","2024"
"Oppo","A60 256GB","186","8","8MP","Snapdragon 680 4G","5000mAh","6.67 inches","499","2024"
"Oppo","K12 Plus 256GB","192","8","16MP","Snapdragon 7 Gen 3","6400mAh","6.7 inches","699","2024"
"Oppo","K12 Plus 512GB","192","12","16MP","Snapdragon 7 Gen 3","6400mAh","6.7 inches","799","2024"
"Oppo","F27 128GB","175","8","32MP","Dimensity 7050","5000mAh","6.7 inches","499","2024"
"Oppo","F27 256GB","175","8","32MP","Dimensity 7050","5000mAh","6.7 inches","549","2024"
"Oppo","F27 Pro+ 256GB","177","8","32MP","Dimensity 7050","5000mAh","6.7 inches","599","2024"
"Oppo","F27 Pro+ 512GB","177","12","32MP","Dimensity 7050","5000mAh","6.7 inches","699","2024"
"Oppo","F25 Pro 128GB","173","8","32MP","Snapdragon 778G","4500mAh","6.55 inches","549","2023"
"Oppo","F25 Pro 256GB","173","8","32MP","Snapdragon 778G","4500mAh","6.55 inches","599","2023"
"Oppo","Pad 3 128GB","533","8","8MP","Dimensity 8350","9510mAh","11.6 inches","699","2024"
"Oppo","Pad 3 256GB","533","12","8MP","Dimensity 8350","9510mAh","11.6 inches","799","2024"
"Oppo","Pad 3 Pro 256GB","586","12","8MP","Snapdragon 8 Gen 3","9510mAh","12.1 inches","899","2024"
"Oppo","Pad 3 Pro 512GB","586","16","8MP","Snapdragon 8 Gen 3","9510mAh","12.1 inches","999","2024"
"Oppo","Pad Neo 128GB","520","6","8MP","Snapdragon 870","8360mAh","11 inches","499","2023"
"Oppo","Pad Neo 256GB","520","8","8MP","Snapdragon 870","8360mAh","11 inches","599","2023"
"Oppo","Find X7 Ultra 256GB","221","12","32MP","Snapdragon 8 Gen 3","5000mAh","6.82 inches","1.199","2024"
"Oppo","Find X7 Ultra 512GB","221","16","32MP","Snapdragon 8 Gen 3","5000mAh","6.82 inches","1.299","2024"
"Oppo","Find X7 256GB","206","12","32MP","Dimensity 9300","5000mAh","6.78 inches","1.099","2024"
"Oppo","Find X7 512GB","206","16","32MP","Dimensity 9300","5000mAh","6.78 inches","1.199","2024"
"Oppo","Find X6 Pro 256GB","218","12","32MP","Snapdragon 8 Gen 2","5000mAh","6.82 inches","999","2023"
"Oppo","Find X6 Pro 512GB","218","16","32MP","Snapdragon 8 Gen 2","5000mAh","6.82 inches","1.099","2023"
"Oppo","Find X6 256GB","207","12","32MP","Dimensity 9200","4800mAh","6.74 inches","899","2023"
"Oppo","Find X6 512GB","207","16","32MP","Dimensity 9200","4800mAh","6.74 inches","999","2023"
"Oppo","Find X5 Pro 256GB","218","12","32MP","Snapdragon 8 Gen 1","5000mAh","6.7 inches","899","2022"
"Oppo","Find X5 Pro 512GB","218","16","32MP","Snapdragon 8 Gen 1","5000mAh","6.7 inches","999","2022"
"Oppo","Find X5 256GB","196","8","32MP","Snapdragon 888","4800mAh","6.55 inches","799","2022"
"Oppo","Find N2 Flip 256GB","191","8","32MP","Dimensity 9000+","4300mAh","6.8 inches","899","2023"
"Oppo","Find N2 Flip 512GB","191","12","32MP","Dimensity 9000+","4300mAh","6.8 inches","999","2023"
"Oppo","Find N2 256GB","233","12","32MP","Snapdragon 8+ Gen 1","4520mAh","7.1 inches","1.099","2022"
"Oppo","Reno10 5G 128GB","180","8","32MP","Dimensity 7050","5,000mAh","6.7 inches","499","2023"
"Oppo","Reno10 5G 256GB","180","8","32MP","Dimensity 7050","5,000mAh","6.7 inches","549","2023"
"Oppo","Reno10 Pro 5G 256GB","186","12","32MP","Snapdragon 778G","4,600mAh","6.7 inches","599","2023"
"Oppo","Reno10 Pro+ 5G 256GB","194","16","32MP","Snapdragon 8+ Gen 1","4,700mAh","6.74 inches","699","2023"
"Oppo","Reno9 5G 128GB","174","8","32MP","Snapdragon 778G","4,500mAh","6.7 inches","449","2022"
"Oppo","Reno9 5G 256GB","174","12","32MP","Snapdragon 778G","4,500mAh","6.7 inches","499","2022"
"Oppo","Reno9 Pro 5G 256GB","184","16","32MP","Dimensity 8100","4,500mAh","6.7 inches","599","2022"
"Oppo","Reno9 Pro+ 5G 256GB","192","16","32MP","Snapdragon 8+ Gen 1","4,700mAh","6.7 inches","649","2022"
"Oppo","Reno8 5G 128GB","179","8","32MP","Dimensity 1300","4,500mAh","6.4 inches","399","2022"
"Oppo","Reno8 5G 256GB","179","12","32MP","Dimensity 1300","4,500mAh","6.4 inches","449","2022"
"Oppo","Reno8 Pro 5G 256GB","183","12","32MP","Dimensity 8100","4,500mAh","6.7 inches","549","2022"
"Oppo","Reno8 Pro+ 5G 256GB","195","12","32MP","Dimensity 8100","4,500mAh","6.7 inches","599","2022"
"Oppo","Reno7 5G 128GB","173","8","32MP","Dimensity 900","4,500mAh","6.4 inches","349","2021"
"Oppo","Reno7 5G 256GB","173","12","32MP","Dimensity 900","4,500mAh","6.4 inches","399","2021"
"Oppo","Reno7 Pro 5G 256GB","180","12","32MP","Dimensity 1200","4,500mAh","6.55 inches","499","2021"
"Oppo","Reno6 5G 128GB","182","8","32MP","Dimensity 900","4,300mAh","6.43 inches","349","2021"
"Oppo","Reno6 5G 256GB","182","12","32MP","Dimensity 900","4,300mAh","6.43 inches","399","2021"
"Oppo","Reno6 Pro 5G 128GB","177","8","32MP","Dimensity 1200","4,500mAh","6.55 inches","449","2021"
"Oppo","Reno6 Pro 5G 256GB","177","12","32MP","Dimensity 1200","4,500mAh","6.55 inches","499","2021"
"Oppo","Reno6 Pro+ 5G 256GB","188","12","32MP","Snapdragon 870","4,500mAh","6.55 inches","599","2021"
"Oppo","Reno5 5G 128GB","180","8","32MP","Snapdragon 765G","4,300mAh","6.43 inches","299","2020"
"Oppo","Reno5 5G 256GB","180","12","32MP","Snapdragon 765G","4,300mAh","6.43 inches","349","2020"
"Oppo","Reno5 Pro 5G 128GB","173","8","32MP","Dimensity 1000+","4,350mAh","6.55 inches","399","2020"
"Oppo","Reno5 Pro 5G 256GB","173","12","32MP","Dimensity 1000+","4,350mAh","6.55 inches","449","2020"
"Oppo","Reno5 Pro+ 5G 256GB","184","12","32MP","Snapdragon 865","4,500mAh","6.55 inches","599","2020"
"Oppo","Reno4 5G 128GB","183","8","32MP","Snapdragon 765G","4,000mAh","6.43 inches","299","2020"
"Oppo","Reno4 5G 256GB","183","8","32MP","Snapdragon 765G","4,000mAh","6.43 inches","349","2020"
"Oppo","Reno4 Pro 5G 256GB","172","12","32MP","Snapdragon 765G","4,000mAh","6.55 inches","499","2020"
"Oppo","Reno3 5G 128GB","181","8","32MP","Dimensity 1000L","4,025mAh","6.4 inches","249","2019"
"Oppo","Reno3 5G 256GB","181","12","32MP","Dimensity 1000L","4,025mAh","6.4 inches","299","2019"
"Oppo","Reno3 Pro 5G 256GB","171","12","32MP","Snapdragon 765G","4,025mAh","6.5 inches","499","2019"
"Oppo","A59 5G 128GB","186","6","8MP","MediaTek Dimensity 6020","5,000mAh","6.56 inches","199","2023"
"Oppo","A59 5G 256GB","186","8","8MP","MediaTek Dimensity 6020","5,000mAh","6.56 inches","229","2023"
"Oppo","A58 5G 256GB","188","8","8MP","MediaTek Dimensity 700","5,000mAh","6.56 inches","249","2022"
"Oppo","A57 5G 128GB","186","6","8MP","MediaTek Dimensity 810","5,000mAh","6.56 inches","219","2022"
"Oppo","A56 5G 128GB","189","6","8MP","MediaTek Dimensity 700","5,000mAh","6.5 inches","199","2021"
"Oppo","A55 5G 128GB","186","6","8MP","MediaTek Dimensity 700","5,000mAh","6.5 inches","189","2021"
"Oppo","A54 5G 128GB","190","6","16MP","Qualcomm Snapdragon 480","5,000mAh","6.5 inches","219","2021"
"Oppo","A53 5G 128GB","175","4","8MP","MediaTek Dimensity 720","4,040mAh","6.5 inches","179","2020"
"Oppo","A52 5G 128GB","184","4","8MP","MediaTek Dimensity 720","4,000mAh","6.5 inches","169","2020"
"Oppo","A51 5G 128GB","186","4","8MP","MediaTek Dimensity 700","4,000mAh","6.5 inches","149","2020"
"Oppo","A50 5G 128GB","185","4","8MP","MediaTek Dimensity 700","4,000mAh","6.5 inches","139","2020"
"Oppo","A49 5G 128GB","185","4","8MP","MediaTek Dimensity 700","4,000mAh","6.5 inches","129","2020"
"Oppo","A40 128GB","186","4","5MP","Qualcomm Snapdragon 6s Gen 1","5,100mAh","6.67 inches","199","2024"
"Oppo","A40 256GB","186","6","5MP","Qualcomm Snapdragon 6s Gen 1","5,100mAh","6.67 inches","229","2024"
"Oppo","K11x 128GB","195","8","16MP","Qualcomm Snapdragon 695","5,000mAh","6.72 inches","199","2023"
"Oppo","K11x 256GB","195","12","16MP","Qualcomm Snapdragon 695","5,000mAh","6.72 inches","229","2023"
"Oppo","K10x 128GB","195","6","16MP","Qualcomm Snapdragon 695","5,000mAh","6.59 inches","199","2022"
"Oppo","K10x 256GB","195","8","16MP","Qualcomm Snapdragon 695","5,000mAh","6.59 inches","229","2022"
"Oppo","K10 5G 128GB","205","8","16MP","MediaTek Dimensity 8000-Max","5,000mAh","6.59 inches","249","2022"
"Oppo","K9x 128GB","194","6","16MP","MediaTek Dimensity 810","5,000mAh","6.5 inches","199","2021"
"Oppo","K9x 256GB","194","8","16MP","MediaTek Dimensity 810","5,000mAh","6.5 inches","229","2021"
"Oppo","K9 Pro 5G 128GB","180","8","16MP","MediaTek Dimensity 1200","4,500mAh","6.43 inches","299","2021"
"Oppo","K9 Pro 5G 256GB","180","12","16MP","MediaTek Dimensity 1200","4,500mAh","6.43 inches","329","2021"
"Oppo","K9 5G 128GB","172","8","32MP","Qualcomm Snapdragon 768G","4,300mAh","6.43 inches","279","2021"
"Oppo","K9 5G 256GB","172","8","32MP","Qualcomm Snapdragon 768G","4,300mAh","6.43 inches","299","2021"
"Oppo","K7x 128GB","194","6","16MP","MediaTek Dimensity 720","5,000mAh","6.5 inches","199","2020"
"Oppo","K7 5G 128GB","180","8","32MP","Qualcomm Snapdragon 765G","4,025mAh","6.4 inches","279","2020"
"Oppo","K7 5G 256GB","180","8","32MP","Qualcomm Snapdragon 765G","4,025mAh","6.4 inches","299","2020"
"Oppo","K11x 128GB","195","8","16MP","Qualcomm Snapdragon 695","5,000mAh","6.72 inches","199","2023"
"Oppo","K11x 256GB","195","12","16MP","Qualcomm Snapdragon 695","5,000mAh","6.72 inches","229","2023"
"Oppo","K11 128GB","184","8","16MP","Qualcomm Snapdragon 782G","5,000mAh","6.7 inches","259","2023"
"Oppo","K11 256GB","184","12","16MP","Qualcomm Snapdragon 782G","5,000mAh","6.7 inches","299","2023"
"Oppo","K10x 128GB","195","6","16MP","Qualcomm Snapdragon 695","5,000mAh","6.59 inches","199","2022"
"Oppo","K10x 256GB","195","8","16MP","Qualcomm Snapdragon 695","5,000mAh","6.59 inches","229","2022"
"Oppo","K10 5G 128GB","205","8","16MP","MediaTek Dimensity 8000-Max","5,000mAh","6.59 inches","249","2022"
"Oppo","K10 5G 256GB","205","12","16MP","MediaTek Dimensity 8000-Max","5,000mAh","6.59 inches","279","2022"
"Oppo","K9x 128GB","194","6","16MP","MediaTek Dimensity 810","5,000mAh","6.5 inches","199","2021"
"Oppo","K9x 256GB","194","8","16MP","MediaTek Dimensity 810","5,000mAh","6.5 inches","229","2021"
"Oppo","K9 Pro 5G 128GB","180","8","16MP","MediaTek Dimensity 1200","4,500mAh","6.43 inches","299","2021"
"Oppo","K9 Pro 5G 256GB","180","12","16MP","MediaTek Dimensity 1200","4,500mAh","6.43 inches","329","2021"
"Oppo","K9 5G 128GB","172","8","32MP","Qualcomm Snapdragon 768G","4,300mAh","6.43 inches","279","2021"
"Oppo","K9 5G 256GB","172","8","32MP","Qualcomm Snapdragon 768G","4,300mAh","6.43 inches","299","2021"
"Oppo","K7x 128GB","194","6","16MP","MediaTek Dimensity 720","5,000mAh","6.5 inches","199","2020"
"Oppo","K7 5G 128GB","180","8","32MP","Qualcomm Snapdragon 765G","4,025mAh","6.4 inches","279","2020"
"Realme","GT 7 Pro 128GB","222.8","12","16MP","Qualcomm Snapdragon 8 Elite","6,500mAh","6.78 inches","470","2024"
"Realme","GT 7 Pro 256GB","222.8","16","16MP","Qualcomm Snapdragon 8 Elite","6,500mAh","6.78 inches","500","2024"
"Realme","GT 6 128GB","191","8","32MP","Qualcomm Snapdragon 8s Gen 3","5,500mAh","6.78 inches","380","2023"
"Realme","GT 6 256GB","191","12","32MP","Qualcomm Snapdragon 8s Gen 3","5,500mAh","6.78 inches","400","2023"
"Realme","GT 6 512GB","191","16","32MP","Qualcomm Snapdragon 8s Gen 3","5,500mAh","6.78 inches","420","2023"
"Realme","GT 6T 128GB","191","8","32MP","Qualcomm Snapdragon 7 Plus Gen 3","5,500mAh","6.78 inches","360","2023"
"Realme","GT 6T 256GB","191","8","32MP","Qualcomm Snapdragon 7 Plus Gen 3","5,500mAh","6.78 inches","380","2023"
"Realme","14 Pro+ 5G 256GB","184","12","16MP","Qualcomm Snapdragon 7s Gen 3","6,000mAh","6.83 inches","340","2025"
"Realme","14 Pro+ 5G 512GB","184","12","16MP","Qualcomm Snapdragon 7s Gen 3","6,000mAh","6.83 inches","360","2025"
"Realme","14 Pro 5G 128GB","184","8","16MP","MediaTek Dimensity 7300 Energy","5,800mAh","6.7 inches","320","2025"
"Realme","14 Pro 5G 256GB","184","8","16MP","MediaTek Dimensity 7300 Energy","5,800mAh","6.7 inches","340","2025"
"Realme","14x 5G 128GB","190","6","16MP","Qualcomm Snapdragon 7s Gen 2","5,500mAh","6.6 inches","270","2025"
"Realme","14x 5G 256GB","190","8","16MP","Qualcomm Snapdragon 7s Gen 2","5,500mAh","6.6 inches","290","2025"
"Realme","13+ 5G 128GB","185","8","16MP","MediaTek Dimensity 7200","5,000mAh","6.5 inches","250","2024"
"Realme","13+ 5G 256GB","185","8","16MP","MediaTek Dimensity 7200","5,000mAh","6.5 inches","270","2024"
"Realme","13 5G 128GB","190","6","16MP","MediaTek Dimensity 6100+","5,000mAh","6.6 inches","220","2024"
"Realme","13 5G 256GB","190","8","16MP","MediaTek Dimensity 6100+","5,000mAh","6.6 inches","240","2024"
"Realme","13 Pro 5G 128GB","192","8","16MP","Qualcomm Snapdragon 7s Gen 2","5,200mAh","6.7 inches","300","2024"
"Realme","13 Pro 5G 256GB","192","12","16MP","Qualcomm Snapdragon 7s Gen 2","5,200mAh","6.7 inches","320","2024"
"Realme","13 Pro+ 5G 256GB","195","12","32MP","Qualcomm Snapdragon 7+ Gen 2","5,500mAh","6.78 inches","360","2024"
"Realme","13 Pro+ 5G 512GB","195","16","32MP","Qualcomm Snapdragon 7+ Gen 2","5,500mAh","6.78 inches","380","2024"
"Realme","P1 Speed 5G 128GB","185","8","16MP","MediaTek Dimensity 8100","5,100mAh","6.7 inches","250","2024"
"Realme","P1 Speed 5G 256GB","185","12","16MP","MediaTek Dimensity 8100","5,100mAh","6.7 inches","270","2024"
"Realme","P2 Pro 5G 256GB","188","12","32MP","Qualcomm Snapdragon 7+ Gen 3","5,500mAh","6.78 inches","340","2024"
"Realme","P2 Pro 5G 512GB","188","16","32MP","Qualcomm Snapdragon 7+ Gen 3","5,500mAh","6.78 inches","360","2024"
"Realme","P1 5G 128GB","184","6","16MP","MediaTek Dimensity 6100+","5,000mAh","6.6 inches","200","2024"
"Realme","P1 5G 256GB","184","8","16MP","MediaTek Dimensity 6100+","5,000mAh","6.6 inches","220","2024"
"Realme","P1 Pro 5G 128GB","190","8","16MP","Qualcomm Snapdragon 7s Gen 1","5,200mAh","6.7 inches","270","2024"
"Realme","P1 Pro 5G 256GB","190","12","16MP","Qualcomm Snapdragon 7s Gen 1","5,200mAh","6.7 inches","290","2024"
"Realme","Narzo 70 Turbo 5G 128GB","200","8","16MP","MediaTek Dimensity 810","5,000mAh","6.6 inches","240","2024"
"Realme","Narzo 70 Turbo 5G 256GB","200","8","16MP","MediaTek Dimensity 810","5,000mAh","6.6 inches","260","2024"
"Realme","Narzo N61 128GB","195","6","16MP","MediaTek Helio G99","5,000mAh","6.5 inches","180","2024"
"Realme","Narzo N63 128GB","193","6","16MP","MediaTek Helio G88","5,000mAh","6.5 inches","160","2024"
"Realme","Narzo N65 5G 128GB","198","8","16MP","MediaTek Dimensity 700","5,000mAh","6.6 inches","210","2024"
"Realme","Narzo 70 5G 128GB","198","8","16MP","MediaTek Dimensity 810","5,200mAh","6.6 inches","230","2024"
"Realme","C75 128GB","190","6","8MP","MediaTek Helio G85","5,000mAh","6.6 inches","160","2024"
"Realme","C75 256GB","190","8","8MP","MediaTek Helio G85","5,000mAh","6.6 inches","180","2024"
"Realme","C61 128GB","189","4","8MP","Unisoc T612","5,000mAh","6.5 inches","130","2024"
"Realme","C67 128GB","195","6","8MP","MediaTek Helio G88","5,000mAh","6.6 inches","170","2024"
"Realme","C67 256GB","195","8","8MP","MediaTek Helio G88","5,000mAh","6.6 inches","190","2024"
"Realme","C65 128GB","192","6","8MP","Qualcomm Snapdragon 680","5,000mAh","6.6 inches","160","2024"
"Realme","C65 256GB","192","8","8MP","Qualcomm Snapdragon 680","5,000mAh","6.6 inches","180","2024"
"Realme","C63 128GB","191","6","8MP","MediaTek Helio G85","5,000mAh","6.6 inches","150","2024"
"Realme","C55 128GB","189","6","8MP","MediaTek Helio G88","5,000mAh","6.72 inches","170","2023"
"Realme","C55 256GB","189","8","8MP","MediaTek Helio G88","5,000mAh","6.72 inches","190","2023"
"Realme","Note 60x 128GB","198","6","16MP","MediaTek Dimensity 6100+","5,200mAh","6.6 inches","210","2024"
"Realme","Note 60 128GB","196","6","16MP","MediaTek Dimensity 810","5,200mAh","6.6 inches","220","2024"
"Realme","Note 60 256GB","196","8","16MP","MediaTek Dimensity 810","5,200mAh","6.6 inches","240","2024"
"Realme","Note 50 128GB","195","6","16MP","MediaTek Helio G99","5,000mAh","6.5 inches","170","2024"
"Realme","GT 7 128GB","199","8","16MP","Qualcomm Snapdragon 8 Gen 2","5,200mAh","6.8 inches","440","2024"
"Realme","GT 7 256GB","199","12","16MP","Qualcomm Snapdragon 8 Gen 2","5,200mAh","6.8 inches","500","2024"
"Realme","Neo 7 128GB","193","8","16MP","MediaTek Dimensity 8200","5,000mAh","6.7 inches","330","2024"
"Realme","Neo 7 256GB","193","12","16MP","MediaTek Dimensity 8200","5,000mAh","6.7 inches","380","2024"
"Realme","P2 Pro 5G 128GB","195","8","16MP","MediaTek Dimensity 9200","5,100mAh","6.7 inches","350","2024"
"Realme","P2 Pro 5G 256GB","195","12","16MP","MediaTek Dimensity 9200","5,100mAh","6.7 inches","400","2024"
"Realme","Pad 64GB","440","4","8MP","MediaTek Helio G80","7,100mAh","10.4 inches","200","2021"
"Realme","Pad 128GB","440","6","8MP","MediaTek Helio G80","7,100mAh","10.4 inches","230","2021"
"Realme","Pad 2 128GB","482","6","8MP","MediaTek Helio G99","8,360mAh","11.5 inches","280","2023"
"Realme","Pad 2 256GB","482","8","8MP","MediaTek Helio G99","8,360mAh","11.5 inches","320","2023"
"Realme","Pad 2 Lite 64GB","466","4","8MP","MediaTek Helio G85","7,100mAh","10.4 inches","190","2023"
"Realme","Pad 2 Lite 128GB","466","6","8MP","MediaTek Helio G85","7,100mAh","10.4 inches","210","2023"
"Realme","Pad X 64GB","499","4","8MP","Qualcomm Snapdragon 695","8,340mAh","11 inches","310","2022"
"Realme","Pad X 128GB","499","6","8MP","Qualcomm Snapdragon 695","8,340mAh","11 inches","350","2022"
"Realme","Pad Mini 32GB","372","3","5MP","Unisoc T616","6,400mAh","8.7 inches","160","2022"
"Realme","Pad Mini 64GB","372","4","5MP","Unisoc T616","6,400mAh","8.7 inches","180","2022"
"Realme","Pad Slim 64GB","440","4","8MP","MediaTek Helio G80","7,100mAh","10.4 inches","200","2022"
"Realme","Pad Slim 128GB","440","6","8MP","MediaTek Helio G80","7,100mAh","10.4 inches","220","2022"
"Realme","TechLife Pad Neo 64GB","465","4","8MP","MediaTek Helio G85","7,200mAh","10.5 inches","210","2024"
"Realme","TechLife Pad Neo 128GB","465","6","8MP","MediaTek Helio G85","7,200mAh","10.5 inches","230","2024"
"Xiaomi","Xiaomi 15 Pro 256GB","210","12","32MP","Snapdragon 8 Elite","6,100mAh","6.73 inches","799","2024"
"Xiaomi","Xiaomi 15 Pro 512GB","210","16","32MP","Snapdragon 8 Elite","6,100mAh","6.73 inches","899","2024"
"Xiaomi","Xiaomi 15 Pro 1TB","210","16","32MP","Snapdragon 8 Elite","6,100mAh","6.73 inches","999","2024"
"Xiaomi","Xiaomi 15 256GB","190","12","32MP","Snapdragon 8 Elite","5,400mAh","6.36 inches","699","2024"
"Xiaomi","Xiaomi 15 512GB","190","16","32MP","Snapdragon 8 Elite","5,400mAh","6.36 inches","799","2024"
"Xiaomi","Xiaomi 14T Pro 256GB","209","12","32MP","Dimensity 9300+","5,000mAh","6.67 inches"," 634.99","2024"
"Xiaomi","Xiaomi 14T Pro 512GB","209","12","32MP","Dimensity 9300+","5,000mAh","6.67 inches"," 790.77","2024"
"Xiaomi","Xiaomi 14T Pro 1TB","209","12","32MP","Dimensity 9300+","5,000mAh","6.67 inches","899","2024"
"Xiaomi","Xiaomi 14T 256GB","195","12","32MP","Dimensity 8300-Ultra","5,000mAh","6.67 inches","599","2024"
"Xiaomi","Xiaomi 14T 512GB","195","12","32MP","Dimensity 8300-Ultra","5,000mAh","6.67 inches","699","2024"
"Xiaomi","Xiaomi 14 Pro 256GB","206","12","32MP","Snapdragon 8 Gen 3","5,000mAh","6.73 inches","799","2023"
"Xiaomi","Xiaomi 14 Pro 512GB","206","12","32MP","Snapdragon 8 Gen 3","5,000mAh","6.73 inches","899","2023"
"Xiaomi","Xiaomi 14 256GB","189","12","32MP","Snapdragon 8 Gen 3","4,610mAh","6.36 inches","699","2023"
"Xiaomi","Xiaomi 14 512GB","189","12","32MP","Snapdragon 8 Gen 3","4,610mAh","6.36 inches","799","2023"
"Xiaomi","Redmi Note 14 Pro+ 5G 128GB","205","8","16MP","Snapdragon 7s Gen 3","5,110mAh","6.67 inches"," 374.90","2024"
"Xiaomi","Redmi Note 14 Pro+ 5G 256GB","205","12","16MP","Snapdragon 7s Gen 3","5,110mAh","6.67 inches"," 399.00","2024"
"Xiaomi","Redmi Note 14 Pro+ 5G 512GB","205","16","16MP","Snapdragon 7s Gen 3","5,110mAh","6.67 inches"," 429.00","2024"
"Xiaomi","Redmi Note 14 Pro 5G 128GB","195","8","16MP","MediaTek Dimensity 7300-Ultra","5,500mAh","6.67 inches"," 349.00","2024"
"Xiaomi","Redmi Note 14 Pro 5G 256GB","195","12","16MP","MediaTek Dimensity 7300-Ultra","5,500mAh","6.67 inches"," 379.00","2024"
"Xiaomi","Redmi Note 14 Pro 4G 128GB","190","6","16MP","Qualcomm Snapdragon 732G","5,000mAh","6.67 inches"," 299.00","2024"
"Xiaomi","Redmi Note 14 Pro 4G 256GB","190","8","16MP","Qualcomm Snapdragon 732G","5,000mAh","6.67 inches"," 329.00","2024"
"Xiaomi","Redmi Note 14 5G 128GB","185","6","16MP","MediaTek Dimensity 7025-Ultra","5,000mAh","6.67 inches"," 279.00","2024"
"Xiaomi","Redmi Note 14 5G 256GB","185","8","16MP","MediaTek Dimensity 7025-Ultra","5,000mAh","6.67 inches"," 309.00","2024"
"Xiaomi","Redmi Note 14 4G 128GB","180","4","16MP","Qualcomm Snapdragon 680","5,000mAh","6.67 inches"," 249.00","2024"
"Xiaomi","Redmi Note 14 4G 256GB","180","6","16MP","Qualcomm Snapdragon 680","5,000mAh","6.67 inches"," 279.00","2024"
"Xiaomi","Redmi 14C 5G 64GB","195","4","8MP","MediaTek Dimensity 700","5,000mAh","6.5 inches"," 199.00","2024"
"Xiaomi","Redmi 14C 5G 128GB","195","6","8MP","MediaTek Dimensity 700","5,000mAh","6.5 inches"," 229.00","2024"
"Lenovo","Legion Y70 128GB","209","8","16MP","Snapdragon 8+ Gen 1","5,100mAh","6.67 inches","499","2022"
"Lenovo","Legion Y70 256GB","209","12","16MP","Snapdragon 8+ Gen 1","5,100mAh","6.67 inches","549","2022"
"Lenovo","Legion Y70 512GB","209","16","16MP","Snapdragon 8+ Gen 1","5,100mAh","6.67 inches","599","2022"
"Lenovo","K14 Plus 64GB","198","4","8MP","Unisoc T700","5,000mAh","6.5 inches","199","2022"
"Lenovo","K14 Plus 128GB","198","6","8MP","Unisoc T700","5,000mAh","6.5 inches","229","2022"
"Lenovo","K13 Pro 128GB","200","6","16MP","Snapdragon 662","5,000mAh","6.8 inches","249","2021"
"Lenovo","K13 32GB","190","2","5MP","Unisoc SC9863A","5,000mAh","6.52 inches","149","2021"
"Lenovo","K13 Note 64GB","200","4","8MP","Snapdragon 460","5,000mAh","6.5 inches","199","2021"
"Lenovo","K10 Plus 64GB","172","4","16MP","Snapdragon 632","4,050mAh","6.22 inches","179","2019"
"Lenovo","A6 Note 32GB","172","3","5MP","Helio P22","4,000mAh","6.09 inches","149","2019"
"Lenovo","K10 Note 64GB","164","4","16MP","Snapdragon 710","4,050mAh","6.3 inches","219","2019"
"Lenovo","K10 Note 128GB","164","6","16MP","Snapdragon 710","4,050mAh","6.3 inches","249","2019"
"Lenovo","Z6 Pro 128GB","185","6","32MP","Snapdragon 855","4,000mAh","6.39 inches","429","2019"
"Lenovo","Z6 Pro 256GB","185","8","32MP","Snapdragon 855","4,000mAh","6.39 inches","479","2019"
"Lenovo","Z5 Pro 64GB","210","6","16MP","Snapdragon 710","3,350mAh","6.39 inches","299","2018"
